BundleId,ImageId,Name
wsb-5h1l2l7ws,wsi-60m54vr40,pcoip_dev_performance
wsb-6r88hkpq3,wsi-1z8v4c2ls,pcoip_dev_linux_performance
wsb-bv8ymzvlj,wsi-g6wqtqmm8,win-2c8g-csr-office
wsb-df2dr6khq,wsi-k0stkk1tw,chewy-win10-powuser
wsb-kfzj3nw9z,wsi-k0stkk1tw,chewy-win10-dev-base-maxi
wsb-83j5dqqlr,wsi-475chbjbx,chewy-win10-dev-office-maxi_v2
wsb-4dbfl4xx8,wsi-jlmzbchwt,chewy-win10-csr-2vcpu
wsb-ckmz6t770,wsi-jlmzbchwt,chewy-win10-dev-base-maxi_v2
wsb-1yh370x91,wsi-1z8v4c2ls,pcoip_dev_linux_power
wsb-5yhwrll4r,wsi-5k1ss2hzl,powerpro_win10_office_dev_lead
wsb-x35476d1v,wsi-9z3zqyzl9,power-stage-bundle-02-2022
wsb-38t9g96rj,wsi-br9tg863c,pcoip_vcs_power_qa
wsb-b1ybhrq5f,wsi-d0d8y9rt0,power_pro_win10_dev_v2
wsb-dqxtkgx0n,wsi-01wlfbxk0,chewy-win10-dev-office-maxi
wsb-9y8xdhl7d,wsi-fvf3dhmky,vcs_new_bundle
wsb-j9rnbmlv9,wsi-60m54vr40,pcoip_dev_power
wsb-hmscb6mg5,wsi-hdxdwmcw2,wsp_demo_power
wsb-1dtmwzl2v,wsi-g6wqtqmm8,chewy-win10-csr-lead
wsb-44zg52wgt,wsi-frnj58zbh,win-2c8c-csrv3
wsb-5pkb168zy,wsi-1z8v4c2ls,chewy-amz2dev-lnx
wsb-8n21nhw3j,wsi-h84kffsmx,pcoip_vcs_plus_performance
wsb-7v01w2s1n,wsi-dvtt5y01g,chewy-win10-csr
wsb-v7dyzl9nb,wsi-xshy8k37w,VCS-CSR-4C16G
wsb-j4hfz95q6,wsi-bktr8f199,win-2c8g-csr-v2
wsb-8bpwhn3qb,wsi-bsfv0j2wz,win-2c8c-csr-v4
wsb-2htrrl34c,wsi-dm4cmshb0,test-bundle
wsb-6m4xgd4tz,wsi-br9tg863c,pcoip_vcs_power
wsb-vp5fb0dyq,wsi-2p5k3tpxn,chewy-win10-csr-base
wsb-jb0qrw5j2,wsi-0vtpf28n2,chewy-amz2dev-lnx-power
wsb-4v86jv546,wsi-d3rlkk3l1,chewy-win10-csr-lead
wsb-8y8bksqqh,wsi-0vtpf28n2,chewy-amz2dev-lnx
wsb-18vqzq3tt,wsi-d3rlkk3l1,chwy-win10-dev-office-max
wsb-fnq7j7gpl,wsi-gcxqhqw2v,VCS-CSR-4C16G
wsb-1ytmbgt44,wsi-3n3xgpnqt,pcoip_vcs_power
