ws-cks3zkw8y,165
ws-jsrdkn3cm,70
ws-3zjts5qpp,70
ws-x6fw59064,165
ws-3q61hy68f,7.93
ws-jrxfzsd49,70
ws-xztm92jhj,70
ws-jgbw98718,87
ws-2dsfsyl63,41.58
ws-52c7r1m9d,70
ws-1nt0g6r40,110.53
ws-59fpxqb3g,30.49
ws-hv8qfm250,165
ws-g7zgdzpc0,30.49
ws-dbcwz2m5y,30.53
ws-0r5vb9jxd,45.53
ws-9d3g1lrjb,45.53
ws-w7mx0p9qc,45.53
ws-fkp1cxn76,45.53
ws-cfv3hwn2t,45.53
ws-4dr7snh6h,70
ws-gvms5vhls,45.53
ws-d57v4kvcx,14.53
ws-3hshrzrsr,45.53
ws-05fw9mz1k,70
ws-334y85dgy,45.53
ws-fnn6n6jh7,45.53
ws-xff0h82cm,25.43
ws-7m1jw1vdh,70
ws-f77tws2zl,45.53
ws-4sgrt6ysc,45.53
ws-b5rbrzskm,45.53
ws-4tp63cb88,230
ws-1rx2kpy87,50
ws-wy0sccwbg,70
ws-wkqswq80p,70
ws-jh46tj2ly,30.53
ws-g5fg82d3p,72
ws-dkp5mvms2,70
ws-610qjk8jj,45.53
ws-33fmq973m,45.53
ws-fzq0s08rf,70
ws-x8l2tkfbt,87
ws-9zxhy165q,70
ws-c4v5ln6sk,30.53
ws-4dxftmjkc,30.53
ws-0hj7w9yr3,87
ws-3wd8fhnvf,52
ws-c2k21s569,110.53
ws-2v0r0r56n,45.53
ws-jfd2p81dr,87
ws-4sc2vf8r2,50
ws-9gxmsb4fj,87
ws-b5bfc5kg4,10.43
ws-h7bj8mh6c,165
ws-j7bklh0h1,30.53
ws-gr1rq8rdg,45.53
ws-7tz1cz69k,87
ws-2psk8m551,70
ws-34w1f937m,30.49
ws-gp12ghzf7,72
ws-b9jd3chkl,7.93
ws-wvhhgsccl,87
ws-0w206wsc4,45.53
ws-jvgcvn8r2,28.04
ws-gc8knf1h3,45.53
ws-50rt6bsvc,50
ws-5bx1gccgn,45.53
ws-43jn79j86,25.43
ws-5b38hv4wg,70
ws-3bhvqtl7v,70
ws-945p47xx0,70
ws-0r4wc93tc,72
ws-992vkf0dz,70
ws-85gv5s2bt,70
ws-cjy4j41tp,7.93
ws-fdcnkhx5m,7.93
ws-3jn46wkns,7.93
ws-x6k6nxrq7,7.93
ws-7ygw6bcws,7.93
ws-45njwk8nz,7.93
ws-x6l4vgf45,7.93
ws-7mqcnp8st,3.58
ws-wg78xyqmx,70
ws-vgb8xm558,70
ws-kx0hd51s1,72
ws-9hgvrcygp,70
ws-7w7x28s6s,70
ws-82m6p9yfn,70
ws-vb84pn0nj,87
ws-vfs8t9spr,165
ws-2p3g4jh8w,87
ws-h16kys728,70
ws-19qtn1yz3,70
ws-x16tm5svz,165
ws-37qcr5jvb,70
ws-10jgc1hh1,70
ws-wtr6x71s7,165
ws-8d9bxmf1j,87
ws-660cshv3c,87
ws-023thj6kc,72
ws-vnqhxj8hf,70
ws-f00y6vv22,70
ws-81gvy42dg,165
ws-vtvy3bcrp,70
ws-025q3499y,165
ws-7swyn1jxw,70
ws-3j2z4sb5x,134
ws-d3s0xg7b1,70
ws-11lr3qf97,70
ws-gwwtbn6lr,70
ws-wqgvmlpkt,70
ws-d3phl9qvn,87
ws-k43sqc9dz,165
ws-bq86sbn7l,44
ws-gdp94c4xm,87
ws-h119bmxfb,70
ws-5cb3fqc44,165
ws-6536fkhs4,165
ws-28r7rh5ql,70
ws-fg6gx3tdf,87
ws-gpqylnxhj,165
ws-j0n4d56wh,70
ws-290m61fny,50
ws-vbrz8spmm,70
ws-w4njh9yls,70
ws-vf6fqd83t,70
ws-wlw85lygm,87
ws-b4hdfdtxp,165
ws-vphxkxf77,44
ws-ww3gn1nzb,70
ws-1dhklyf6h,70
ws-4j8sj1d88,165
ws-44jphyxp0,70
ws-fk213ns54,70
ws-0zfbk0wdl,45
ws-vcgcm9mtp,70
ws-bpqlbwt2q,87
ws-bhv2r682k,87
ws-18q3rc94c,70
ws-j1y69ltpr,70
ws-6vc23nd3m,44
ws-dbhxl4sx9,70
ws-7ndjsldxq,29
ws-h5p6bztcw,44
ws-jbwy0f9w5,70
ws-1p6vt0rwq,70
ws-2sqlgz4wh,70
ws-gv23h0hy4,44
ws-dc1l30s70,29
ws-53bxm4ytk,44
ws-f9ny412f2,165
ws-0hh01vkj8,70
ws-v7c0318mr,29
ws-0gjtc7vr6,70
ws-3j2pwk7mg,87
ws-g8txy7hrp,44
ws-87ty89nq4,165
ws-45v1tg9p7,87
ws-xlshf79qy,7.25
ws-x741rlqlw,70
ws-19dhgvjrm,165
ws-xfl9s53qy,74
ws-17vr5xs91,52
ws-0d9x1vmy1,44
ws-45bx4wk2c,70
ws-bfpydwztk,70
ws-hgp9ngd3p,165
ws-9ffkjsxzw,70
ws-x7bmp44m4,165
ws-3tzc9t2cx,70
ws-6jrh38lpm,165
ws-wktnk5hk1,165
ws-v3b66ffcy,7.25
ws-1g8852m53,44
ws-1kn7nb2qn,165
ws-67246mkqb,87
ws-739drmn0z,70
ws-69nnfkkxy,70
ws-3qpj3ssyq,165
ws-3n2rg89qv,74
ws-45hydwmgf,72
ws-1n4qy98fc,74
ws-5xxhh77qn,70
ws-4m6fjlw4f,29
ws-1p4kwd25x,29
ws-09g645jp6,165
ws-vw3ct1wz2,65
ws-bk95trnj8,87
ws-3l2qfqsj0,70
ws-kd5llq7bh,70
ws-362sf82ld,19
ws-5xb75p3tp,70
ws-fc39cn0bm,70
ws-vlq4prqjh,44
ws-2yyr074gg,70
ws-cbpnfl92l,44
ws-ww58vxgz6,165
ws-5kgjj93mt,44
ws-hq7m3h6pk,87
ws-fvpz7qn92,87
ws-j0x2bkwm5,70
ws-gpyyrd754,70
ws-drsl1b9yl,70
ws-hftgll0y4,70
ws-vrgfjvgc4,165
ws-glyws9y14,165
ws-jzkt6r9py,70
ws-0w4g1szf6,70
ws-kv38wzj90,70
ws-4yj876hw1,70
ws-451z44v55,165
ws-289qnvyvk,70
ws-fjl0cttms,70
ws-32v8sphn4,29
ws-5g8fvpv70,165
ws-w6j7n4kcz,70
ws-bzpdy389s,70
ws-0sxv93k4w,7.25
ws-hds8vd039,7.25
ws-kgh95n8fc,7.25
ws-fb9dpy3px,7.25
ws-cxjnxb3rk,7.25
ws-khrx1jd0y,7.25
ws-wj71gqgvg,7.25
ws-w87wpy5s4,7.25
ws-cwtpy88wd,7.25
ws-0lg3pwytx,7.25
ws-xbhfmfvp6,7.25
ws-5qbk2pdzy,7.25
ws-vjy6pwr7p,7.25
ws-7ql2yw0tp,7.25
ws-0lht2dl3v,7.25
ws-4w1jzgqbb,7.25
ws-0qhyn1d2g,7.25
ws-3qns4dyst,7.25
ws-2n3hgfh0l,7.25
ws-9s5fmq5kw,7.25
ws-wd5ddl7h6,7.25
ws-g5vnzsx34,7.25
ws-8xf17pmbp,7.25
ws-x2zmnfc2t,7.25
ws-58prqff8l,7.25
ws-xp3cphmz7,7.25
ws-wrz1ls9q5,7.25
ws-68lp3frwn,7.25
ws-85839myyb,7.25
ws-xr7k78ytj,7.25
ws-1v3plyxld,7.25
ws-xlh71lpl0,7.25
ws-f22pp8qkg,7.25
ws-w5wtl4307,7.25
ws-80ktw1nt0,7.25
ws-5kllddfvc,7.25
ws-jz9sxrlkl,7.25
ws-hlchvv3cd,7.25
ws-dfxnnv5xc,7.25
ws-6dlky3jdt,7.25
ws-frk954w1m,7.25
ws-x51k6hpfw,7.25
ws-wr62jx896,7.25
ws-2czbw6clg,7.25
ws-vbdgn7bxs,19
ws-5lbyd6m35,7.25
ws-2hp0pxrl1,7.25
ws-g2lpwx6jv,7.25
ws-0bdkkv9lk,7.25
ws-0xwwnb4z0,7.25
ws-6jkqd1spw,7.25
ws-27rk542d0,7.25
ws-061d0bmls,7.25
ws-0j47kh8fq,7.25
ws-kdcnv9thm,7.25
ws-72rdrx460,7.25
ws-4zt3hv0x7,7.25
ws-g4f71gmsk,70
ws-vpk4f6r62,70
ws-434qbkqh1,70
ws-1trghvm2w,70
ws-3kczh09pm,70
ws-wdgnr6n07,70
ws-325zjv1l7,70
ws-6jnwpr4dp,70
ws-4r3lhfskr,70
ws-vtz45t83t,70
ws-jgc907819,70
ws-h96gktb6h,70
ws-wv6wr4xp1,70
ws-f4w31bq6t,70
ws-x3vbjzd4r,70
ws-27p8r0mjw,70
ws-f1p423wp6,70
ws-c1cz4cp54,70
ws-gnclld77r,70
ws-bpt48lv34,70
ws-55bmsml1j,45
ws-gv5xl7cgg,62
ws-80gwg9vhs,70
ws-k2tmvkld8,70
ws-wz9lmp3d6,70
ws-0x2vb7hbg,70
ws-d6cdspxt7,70
ws-99n6jdy87,70
ws-1dmkclkjq,70
ws-19kgf8vv5,70
ws-41pm669sp,70
ws-0z6dyh3m1,70
ws-vnw2phrrq,70
ws-5d90qvxnm,70
ws-f474c2jh3,70
ws-jptccf3mq,70
ws-dcr8yh2p1,70
ws-9w5gww2b7,70
ws-4bbpxw5jb,70
ws-7jjwdlc74,70
ws-xfkzkws2w,70
ws-00t6x2q54,70
ws-xhddc7vnw,70
ws-xk77c63dd,70
ws-0v7044520,70
ws-fmhww28nv,70
ws-vggtchlhl,70
ws-wlgydmxzh,70
ws-0q906cwc5,70
ws-8bg5sn0jc,70
ws-gh91nvfx2,70
ws-8hlyp40vn,70
ws-hffsnmclw,70
ws-crg1msfwz,70
ws-jnrx04bdg,70
ws-8z67q8bsc,70
ws-92z9wn44r,70
ws-2p5z1pt8n,70
ws-b8tqg4ms5,70
ws-cdxdnjn3t,70
ws-824pl3bzm,70
ws-97dgdmcr7,70
ws-44rlb3471,70
ws-vsrhd25f8,70
ws-0ddb7xlgh,70
ws-fs9j2sgt1,70
ws-3vvq6wzsh,70
ws-vrybrsqdp,70
ws-b7lgxlk4r,70
ws-g96nqr4lf,70
ws-1j77jrcw4,70
ws-09lxwx747,70
ws-6hhmgqlvp,70
ws-vv6k5pg4n,70
ws-wwvr3wrr9,70
ws-dnnpmtvlj,70
ws-3gh6ghd6g,70
ws-wggjcfvp4,70
ws-2c3z610b3,70
ws-k9szc9vcl,70
ws-gzykh0z4v,70
ws-3f4tzvn5j,45
ws-kc14zmxcc,70
ws-26lfxgmsq,70
ws-3pk37x3tz,70
ws-87m2wsgwt,70
ws-bm3hnsd2s,70
ws-08n5j8r0g,70
ws-27xv6mftj,70
ws-871frklmd,70
ws-6q1858ycs,70
ws-25wns5d00,70
ws-44bb14s5y,70
ws-vjdwyf4tr,70
ws-bbcskgybg,70
ws-6shs07yw8,70
ws-cj9w7hnrj,70
ws-xg7byphmf,70
ws-xgnhdvzym,70
ws-86fhpd280,70
ws-h77n18w2c,70
ws-bntdfttmc,70
ws-vzs7kj31d,70
ws-xnn3ql322,70
ws-64v8s39gs,70
ws-c9sm8fgnz,70
ws-hxf5gjxps,70
ws-0sw4n241v,70
ws-2ll2xvthg,70
ws-05dk1mvh8,70
ws-1l5mrt4bm,70
ws-ff2ywcz3s,45
ws-573r0s0ph,70
ws-kfbdzqlwh,70
ws-ht5zvb9qx,70
ws-dw5p6ly6n,70
ws-82mg5t9lz,70
ws-cqc8wdfyb,70
ws-c2cz6k0dc,70
ws-j06tyjyhf,70
ws-06prqrcfc,70
ws-jlc4kpzqv,70
ws-3d57tlyyy,70
ws-09md7yqrx,70
ws-9qhvzxxfp,70
ws-8d2ddp5zb,70
ws-863wnyzw0,70
ws-j6m7m9lf8,70
ws-hg0tlzqs2,70
ws-bh3m39l72,70
ws-4kxk63pvs,70
ws-7pr18dp5f,70
ws-bn8m7wy8q,70
ws-3b345kdpy,70
ws-205w74j7g,70
ws-c203m9m76,70
ws-byj036yws,70
ws-g8lryb0z2,7.25
ws-cqf00rnkg,7.25
ws-b6kym6xj1,7.25
ws-j99cj29tj,7.25
ws-5qdwvyv4g,7.25
ws-xx0xxhplk,7.25
ws-839lc8yk5,7.25
ws-8tsdss5d4,7.25
ws-dd6rx61p6,7.25
ws-xwwfjcqvd,7.25
ws-2jkst0ndm,7.25
ws-8nnvmstpq,7.25
ws-2g31vmj41,7.25
ws-34f6sbfzq,7.25
ws-5wslh476m,7.25
ws-0gx2cpt6m,7.25
ws-cyy08myt0,7.25
ws-cg6bgr2t8,7.25
ws-chydqddf8,7.25
ws-0p49zv2qx,7.25
ws-7bz1kqwb4,7.25
ws-7htdrm3t9,7.25
ws-8thhbtgn4,7.25
ws-6mfh32myt,7.25
ws-b3plqzyct,7.25
ws-5ts8gtw1m,7.25
ws-b6ghdrcfz,7.25
ws-91yr7r6f6,7.25
ws-69kdgpgbx,7.25
ws-xvnss4cmm,7.25
ws-cg6gtctpx,7.25
ws-cszdb6461,7.25
ws-kgntwccsf,7.25
ws-61clr7pbk,7.25
ws-5v0cx7y7n,7.25
ws-4hf12rz6s,7.25
ws-8sf17xhg6,7.25
ws-868jyg2s1,7.25
ws-hpvplkljf,7.25
ws-kx88ss76s,7.25
ws-f1rxct2zj,7.25
ws-vsqz94m84,7.25
ws-08gqvl30q,7.25
ws-1y4zqv0bk,7.25
ws-hg4gfmpmv,7.25
ws-fd3lpfh9r,7.25
ws-907jmq23z,7.25
ws-fccsmxj2l,7.25
ws-cnld20n03,7.25
ws-ckrlqxbz6,7.25
ws-9dx3478db,7.25
ws-k6tb2jflm,7.25
ws-c2mtysgf9,7.25
ws-d1ylf87p1,7.25
ws-kw8pfynkg,7.25
ws-38g4y21tj,7.25
ws-35gzvt1z4,7.25
ws-49y554nz4,7.25
ws-dly44l6w2,7.25
ws-gbm958gh5,7.25
ws-c0k31791v,7.25
ws-wcm76b551,7.25
ws-0g11h2x0f,7.25
ws-411g8cr01,7.25
ws-xt1kn0dpv,7.25
ws-69r0wq5lm,7.25
ws-j9dtlskh1,7.25
ws-glvq8z097,7.25
ws-2zrspbs6t,7.25
ws-21htllrxq,7.25
ws-jc1m5hcb8,7.25
ws-c7ymg6tm1,7.25
ws-1v9ffksqq,7.25
ws-wgk97z65q,7.25
ws-6pght5x8s,7.25
ws-fys2c3wc7,7.25
ws-xkk8655pg,7.25
ws-vbw6q16zp,7.25
ws-7bb0l29yf,7.25
ws-33fq1fnms,7.25
ws-3jrp2yr74,70
ws-8j25pngl7,7.25
ws-czbgsyk9d,7.25
ws-996rsqlzv,7.25
ws-999vkv5kk,7.25
ws-7tfr7z42t,7.25
ws-wpmf4ry77,7.25
ws-xz0y41k7b,7.25
ws-d8vzgb4hs,7.25
ws-1fh7cwbly,7.25
ws-gr52q9r29,7.25
ws-hdhbvh58r,7.25
ws-jd131d4j6,7.25
ws-1kl1kpt7m,7.25
ws-gk5ndrn77,7.25
ws-cnlfqgbwn,7.25
ws-6syhs7026,7.25
ws-jq8lbxxxv,7.25
ws-cqsl9x8qr,7.25
ws-fx3rhrzz8,7.25
ws-x8xr4qrst,7.25
ws-95s1gng17,7.25
ws-3134pv6gz,7.25
ws-cpw6vw8gv,7.25
ws-7m234vnw7,7.25
ws-6lym38s66,7.25
ws-f5jmsc4pr,7.25
ws-4yd81cf8f,7.25
ws-5tzq7kmry,7.25
ws-58cq16lrz,7.25
ws-0czxym31s,7.25
ws-h70p0bwmd,7.25
ws-x19fm3nxy,7.25
ws-h48vnd82g,70
ws-kvf85myr2,7.25
ws-j88xsjppd,7.25
ws-2fn4ynzw1,7.25
ws-989s5vxg3,7.25
ws-jj0c60wmt,7.25
ws-8bs2hm6sq,7.25
ws-gjx4p137k,7.25
ws-950q3ychz,7.25
ws-fdl59fs2n,7.25
ws-x86sykd57,7.25
ws-wqk0x5l1k,7.25
ws-99y4bpvdb,7.25
ws-jm1dfnr4f,7.25
ws-v1wffpn5w,7.25
ws-gr2nrms7h,7.25
ws-cmyz51nzc,7.25
ws-10mv8zbvy,70
ws-jm63c32xm,70
ws-46t7m8s3h,7.25
ws-1gvkgmzhq,7.25
ws-j8jfwxwfd,7.25
ws-66phmwln4,70
ws-0r8rsn23q,7.25
ws-86y8hxw5c,7.25
ws-96xq2hjj2,7.25
ws-74cymhyms,7.25
ws-0rtn5g9gn,7.25
ws-ctbzwm1g0,7.25
ws-1nw76vgxt,7.25
ws-2jskwtrbc,7.25
ws-2d2sjbws3,7.25
,27566.14